x,y,variance,acquisition
0.0,0.0,752.2238527460406,2625.5448686056125,778.0439960519556
0.0,2.0,753.306328284179,2471.7189896891928,782.8146382936397
0.0,4.0,756.4699987021804,2305.415965119065,789.4069771886083
0.0,6.0,761.6495283290277,2128.497677326349,797.7515364693081
0.0,8.0,768.6126256806949,1943.9217977937033,807.5838674399321
0.0,10.0,776.9701208248247,1756.5654738328817,818.455924127521
0.0,12.0,786.2058225990827,1574.0336398652817,829.7711128977971
0.0,14.0,795.7236128764648,1406.7753519529674,840.8401837713751
0.0,16.0,804.9063375257047,1266.9745205574714,850.9514993690237
0.0,18.0,813.1788491331932,1166.215100976138,859.4463821259708
0.0,20.0,820.0664823322342,1112.564627708045,865.7888228869933
0.0,22.0,825.2405566610794,1108.1152811795064,869.6192192580129
0.0,24.0,828.5442250219354,1147.9467494775236,870.7840520665422
0.0,26.0,829.994886309134,1220.9622342110938,869.337190426909
0.0,28.0,829.7630059413855,1312.3459684171303,865.5132064912651
0.0,30.0,828.1309383717409,1406.813507818,859.6778370355097
0.0,32.0,825.4385788288039,1491.6021059770076,852.2646582683922
0.0,34.0,822.0248175166541,1558.3320823794193,843.7093773254796
0.0,36.0,818.1744354221914,1603.3509988139308,834.3934073528156
0.0,38.0,814.0791259767703,1626.7446070084986,824.60648991511
0.0,40.0,809.8188927005657,1630.6446488432239,814.5343836067115
0.0,42.0,805.3665629611417,1617.6277500811084,804.2727403321933
0.0,44.0,800.6141686862104,1589.8371616664158,793.8631662053123
0.0,46.0,795.416161876512,1549.05440992058,783.3430963971039
0.0,48.0,789.6415095288492,1497.4862978358833,772.7983524271234
0.0,50.0,783.2251544852934,1438.7221778330563,762.4066430446087
0.0,52.0,776.209403516863,1378.2868895255879,752.4619484485507
0.0,54.0,768.7674948651093,1323.4494974343343,743.3733802901231
0.0,56.0,761.2046074438646,1282.2966788997687,735.6370383586994
0.0,58.0,753.9353798191277,1262.3539552676589,729.7846392432346
0.0,60.0,747.4409537360084,1269.1299079457658,726.3172569029749
0.0,62.0,742.2119733885685,1304.898105707392,725.6355079319728
0.0,64.0,738.6862884558818,1367.939621706183,727.9783604494415
0.0,66.0,737.190955579117,1452.4406591572324,733.3812899545159
0.0,68.0,737.8973976586527,1549.251359782878,741.6610423444589
0.0,70.0,740.7964230097875,1647.6350359043745,752.4294771340828
0.0,72.0,745.6966232391092,1737.8591331864773,765.133788496671
0.0,74.0,752.2460163193581,1814.0392316378675,779.1158394170545
0.0,76.0,759.9732952580846,1876.2705723181657,793.6802632405897
0.0,78.0,768.342249229133,1931.0609283243864,808.1599515153653
0.0,80.0,776.8112649177109,1989.5682602114493,821.968708797466
0.0,82.0,784.8895028879039,2064.011256606491,834.6339274991249
0.0,84.0,792.1823529320802,2163.462741855372,845.806457120305
0.0,86.0,798.4208605332534,2290.604341552945,855.249512922609
0.0,88.0,803.4725760333963,2440.680908990118,862.8125365267076
0.0,90.0,807.3342165129962,2602.9808194609855,868.3985722278507
0.0,92.0,810.1091607573044,2764.126241443143,871.9344483771762
0.0,94.0,811.9747214903979,2911.7904566173793,873.3517468092306
0.0,96.0,813.1451080358006,3037.457696746377,872.5835198997813
0.0,98.0,813.8359394790324,3137.4400278063977,869.5776421480306
0.0,100.0,814.2352034706684,3212.2113269179595,864.3234421778516
2.0,0.0,739.1733968001988,2414.2539910485802,753.0769579397635
2.0,2.0,740.1042514753855,2239.315849510647,757.9912750564941
2.0,4.0,743.5129133313718,2055.4644096897996,765.1821314159138
2.0,6.0,749.3171648770311,1863.8868722854463,774.5476096597754
2.0,8.0,757.2376478117985,1666.64960350734,785.7695198221828
2.0,10.0,766.8132368565446,1468.02367593488,798.3287111193183
2.0,12.0,777.4389666606847,1275.5324804774987,811.5462268592689
2.0,14.0,788.4228894487229,1099.9411142704907,824.6466893420355
2.0,16.0,799.0551226126471,953.7726678822598,836.836417070419
2.0,18.0,808.6801103473334,848.6067116948548,847.3858594091323
2.0,20.0,816.7622124230821,792.0305741650668,855.7046222108626
2.0,22.0,822.9353775403872,785.3439814446295,861.3980197463317
2.0,24.0,827.029826845342,822.8539943259441,864.2967278039208
2.0,26.0,829.0720638795326,892.99398403886,864.4553480895014
2.0,28.0,829.2586124278231,980.8560540245711,862.1208127778377
2.0,30.0,827.9079946916428,1071.3060711033677,857.6766438442246
2.0,32.0,825.398904490161,1151.7681421234101,851.5731871947048
2.0,34.0,822.1047066497193,1213.9784704448539,844.2562741735087
2.0,36.0,818.3349132542012,1254.3922167443197,836.1068466974533
2.0,38.0,814.2930387183018,1273.350734757733,827.4018604535559
2.0,40.0,810.0574120593419,1273.4743038455413,818.3026384098735
2.0,42.0,805.5875945912281,1257.9495273147404,808.8715460036811
2.0,44.0,800.7546784080117,1229.362700304488,799.112396611624
2.0,46.0,795.3896696744939,1189.4745681887223,789.0254124394045
2.0,48.0,789.3410851412453,1139.9141083163022,778.6647444493501
2.0,50.0,782.5313328747131,1083.3553547836618,768.1860450474297
2.0,52.0,775.0016682239054,1024.5188608268993,757.8734948569388
2.0,54.0,766.9374653558635,970.4133428746952,748.1396478395984
2.0,56.0,758.6688781189663,929.5613914808325,739.4967150780416
2.0,58.0,750.6461023935415,910.3709529489397,732.5034419891531
2.0,60.0,743.3926860400429,919.1345436628114,727.6964775388312
2.0,62.0,737.4439476094699,958.2570114171449,725.5181733733257
2.0,64.0,733.2799656894225,1025.244384026595,726.2535064137946
2.0,66.0,731.2634112586225,1112.810836481145,729.9871588389839
2.0,68.0,731.5916190804726,1210.2380829038616,736.5880550764142
2.0,70.0,734.2699225940053,1305.8527611459044,745.7235898469173
2.0,72.0,739.1098479390214,1390.1579922928204,756.9003816853651
2.0,74.0,745.751877256984,1458.8175210072372,769.5237048522386
2.0,76.0,753.7088030645433,1514.499404715953,782.9646874157739
2.0,78.0,762.4227968902409,1566.7300691816713,796.6234819063941
2.0,80.0,771.3276388668779,1629.4691154457307,809.9780440334833
2.0,82.0,779.9073062914734,1716.9486122856747,822.6115596278847
2.0,84.0,787.7432538671237,1839.080392661559,834.2162154732242
2.0,86.0,794.5449634705585,1998.0340083707508,844.5759508193612
2.0,88.0,800.1612559265948,2187.223530246304,853.535044177459
2.0,90.0,804.572919059543,2393.0337823978225,860.9620358268606
2.0,92.0,807.8699069010534,2598.567496573518,866.7190422681487
2.0,94.0,810.2182967344238,2787.980705187235,870.6448995856128
2.0,96.0,811.8231095305033,2949.896955982126,872.5571405251529
2.0,98.0,812.8929538615309,3078.9341978533953,872.2732981529746
4.0,0.0,725.2053976880313,2181.198990231923,727.591253391531
4.0,2.0,725.871813712599,1988.1978381925605,732.5208200951596
4.0,4.0,729.4328902350888,1792.4302097593436,740.1446713570726
4.0,6.0,735.7930671017622,1593.9915205743455,750.328128229432
4.0,8.0,744.6280050450646,1393.313371392863,762.7042023569688
4.0,10.0,755.4053032815648,1193.1690648614344,776.6924339921378
4.0,12.0,767.4306528244289,1000.1303610317744,791.5450365131578
4.0,14.0,779.9146806935348,824.5337974831043,806.4161278915349
4.0,16.0,792.0524023508294,678.6500716413752,820.4457723261617
4.0,18.0,803.1049427924722,573.602717126659,832.8475963818429
4.0,20.0,812.4724519660666,516.1869910324631,842.9875316216112
4.0,22.0,819.7481285964927,506.78460449616193,850.442121592521
4.0,24.0,824.7458908538723,539.0726941424068,855.0277801077239
4.0,26.0,827.4981194288923,601.4902926319983,856.7969631646909
4.0,28.0,828.224443944513,679.8288332033073,856.0026460731079
4.0,30.0,827.2770097327309,760.0800400875253,853.037809864029
4.0,32.0,825.0713040701824,830.792005209313,848.36085126701
4.0,34.0,822.013817561616,884.481858377487,842.4201308866449
4.0,36.0,818.4381811584407,917.959357543625,835.5907988769954
4.0,38.0,814.559873214905,931.6596079834812,828.1345630321329
4.0,40.0,810.4563808005141,928.2820459665579,820.1886253247332
4.0,42.0,806.0753587651093,911.2021227520838,811.7844270824827
4.0,44.0,801.268588674162,883.2101685723605,802.8911585219364
4.0,46.0,795.845197926984,846.0453684867505,793.4742837751908
4.0,48.0,789.6343887085682,800.8907846835014,783.5565068466398
4.0,50.0,782.5463827230758,749.5653548421769,773.2681995225666
4.0,52.0,774.6206586343818,695.7881798183485,762.8764061792327
4.0,54.0,766.0527632960556,645.7953616418188,752.7857264533665
4.0,56.0,757.1946216462262,607.8296615273846,743.5098425926028
4.0,58.0,748.5277199105385,590.493615346403,735.6181435902281
4.0,60.0,740.613031926955,600.4417490393375,729.6667019370905
4.0,62.0,734.025345194343,640.1846006445624,726.125855557141
4.0,64.0,729.2821046386418,706.7933364965846,725.3172690561007
4.0,66.0,726.7776510035155,792.0574382913281,727.3714948539384
4.0,68.0,726.7327085998496,884.252546457298,732.2131123520933
4.0,70.0,729.166398375239,971.2176969049294,739.5752858562003
4.0,72.0,733.8943958438122,1044.006858520947,749.0400914833447
4.0,74.0,740.552761214259,1100.0711672902485,760.0963013937682
4.0,76.0,748.6431291303734,1144.877040624545,772.2033862895324
4.0,78.0,757.5919719043795,1191.1837189702865,784.849854907311
4.0,80.0,766.8149811429503,1255.8885225224424,797.5957802001434
4.0,82.0,775.7774440537485,1355.2105037953545,810.0930771448616
4.0,84.0,784.042755385702,1499.6831787059282,822.0820123936122
4.0,86.0,791.3036006521208,1690.6242921815056,833.367522394174
4.0,88.0,797.3933984299356,1919.2954177128404,843.7831476436542
4.0,90.0,802.2787499020517,2169.0074447734346,853.1528940667256
4.0,92.0,806.0363869468417,2419.369034412895,861.2616036217618
4.0,94.0,808.8200237459732,2651.1672184327213,867.8424093306477
4.0,96.0,810.8233651345803,2850.293115651494,872.5859858385525
6.0,0.0,710.6790381538664,1929.6404692865226,702.4326730064746
6.0,2.0,710.9615502614298,1721.552210030647,707.3013542439579
6.0,4.0,714.5624233465089,1519.6188694045863,715.242677346434
6.0,6.0,721.3780171334672,1322.7282450578548,726.0859701248256
6.0,8.0,731.0437547145035,1129.1286228658078,739.4175217280487
6.0,10.0,742.9599009987132,939.1898848717847,754.6028636064184
6.0,12.0,756.3457100576439,757.4327571776388,770.8370497930975
6.0,14.0,770.3160843477175,592.671703057772,787.2182504041417
6.0,16.0,783.9713325730748,456.0115976730957,802.835840432477
6.0,18.0,796.4883349189419,357.49287077152155,816.8612248179813
6.0,20.0,807.2008644731229,302.8111648449414,828.6285389524716
6.0,22.0,815.6581414379158,291.4295013966005,837.6934348970567
6.0,24.0,821.653768823889,316.6778866800698,843.8613396999349
6.0,26.0,825.2215701752234,367.54772155002183,847.1813750182341
6.0,28.0,826.5998420577214,431.306922754707,847.907742667124
6.0,30.0,826.1703426544889,495.9977784770458,846.4358045815346
6.0,32.0,824.3821705213632,552.2121075082864,843.2243135296545
6.0,34.0,821.6729011391047,593.9648228390606,838.7174746423643
6.0,36.0,818.399563582762,618.7616367263793,833.280289415982
6.0,38.0,814.7902090181107,627.0348011254604,827.1579623326145
6.0,40.0,810.9232460593744,621.1239289657283,820.4655104495791
6.0,42.0,806.7369916393275,604.0380156258561,813.2079656685609
6.0,44.0,802.0668022545298,578.3551340170376,805.3257775189084
6.0,46.0,796.7025613257645,545.6730459619428,796.7553059644786
6.0,48.0,790.4559688036416,506.8814414625293,787.4915359247601
6.0,50.0,783.2255550840898,463.17516873906357,777.6398704259963
6.0,52.0,775.0478572505228,417.3240525246821,767.4461111909611
6.0,54.0,766.1256369984317,374.4904460748111,757.2980679474351
6.0,56.0,756.827946540545,341.9957607055565,747.6978008789185
6.0,58.0,747.6615769688582,327.8586729653023,739.209206933705
6.0,60.0,739.218146149648,338.47346752453603,732.3903988639437
6.0,62.0,732.1050123356051,376.22541469937863,727.7231799051472
6.0,64.0,726.8707013649628,437.9768134850695,725.5523468204082
6.0,66.0,723.936234575825,515.1560938905994,726.0455012567232
6.0,68.0,723.5425821852184,595.7114583319703,729.1799472319232
6.0,70.0,725.7216994210918,667.5852613674219,734.757937699763
6.0,72.0,730.2947472162299,722.7920784790098,742.4460768107099
6.0,74.0,736.896834484221,760.8222343939381,751.8301773255024
6.0,76.0,745.0236619031061,790.1078481635082,762.474205913841
6.0,78.0,754.0924281105271,826.763132394987,773.9716365442216
6.0,80.0,763.5077178772508,890.6657007681717,785.9796083103844
6.0,82.0,772.7230113614945,999.9097247354006,798.2302989716616
6.0,84.0,781.2898435070553,1165.3481064798593,810.5190375916884
6.0,86.0,788.8891708875863,1387.0207493352825,822.6738270481158
6.0,88.0,795.3426687537099,1653.6514357064164,834.5150633726474
6.0,90.0,800.604911993739,1945.3146769930206,845.8164691909204
6.0,92.0,804.7401523258061,2238.276870311962,856.2781335923473
6.0,94.0,807.8892777683027,2510.3570631060547,865.5200821753461
8.0,0.0,696.1215110236983,1665.9143942248174,678.5249314927044
8.0,2.0,695.906393997833,1445.2650802620124,683.312618044708
8.0,4.0,699.4229578641354,1242.1131982880363,691.5126721768036
8.0,6.0,706.566088267996,1054.3211409241205,702.9124340303313
8.0,8.0,716.9382472908086,877.6965323145346,717.0503981938073
8.0,10.0,729.8796981229597,709.461737146491,733.2422078272408
8.0,12.0,744.529998177459,550.9690247781052,750.6345614773197
8.0,14.0,759.9138594310887,408.2689945264367,768.2819727078623
8.0,16.0,775.0407030664654,290.2256795593403,785.2372253876133
8.0,18.0,789.0049301622704,205.10852569945456,800.643519570859
8.0,20.0,801.0735294739771,157.29005478603926,813.8153410085739
8.0,22.0,810.7492863991458,145.4925285636325,824.296322396655
8.0,24.0,817.8013470492306,163.14199017262104,831.8856992881415
8.0,26.0,822.2597158836168,200.36348201769982,836.6298899758136
8.0,28.0,824.3756748805483,246.54766087825755,838.7814082728368
8.0,30.0,824.5552411283825,292.4650148310558,838.7327336789867
8.0,32.0,823.2767920806892,331.4145215544487,836.936911642797
8.0,34.0,821.006221053275,359.46184772737604,833.82874520324
8.0,36.0,818.1230671465303,375.1189978284761,829.7600478657253
8.0,38.0,814.8689782560266,378.7835953925734,824.9595992306323
8.0,40.0,811.3259610686634,372.07368958500393,819.5236879548343
8.0,42.0,807.426801691796,357.0935196934532,813.4373242422305
8.0,44.0,802.9946533516842,335.73486977610924,806.6204479856926
8.0,46.0,797.8039813011005,309.2540656512356,798.9888390857317
8.0,48.0,791.6516229352535,278.3821453533897,790.5168291456787
8.0,50.0,784.4252164815039,244.0267217797765,781.2888072738375
8.0,52.0,776.1568953489109,208.28507733246244,771.5289106318052
8.0,54.0,767.0527918128578,175.2127056172427,761.6027086075403
8.0,56.0,757.4930617652877,150.77163617282451,751.9902506488519
8.0,58.0,748.0021029746181,141.67365708643064,743.2354538983523
8.0,60.0,739.1935465400982,153.32288873871653,735.8813566229682
8.0,62.0,731.6986394269018,187.53736748011033,730.4033711299909
8.0,64.0,726.0891592634225,240.9827429155966,727.1528407308786
8.0,66.0,722.8066407229774,305.1609453088388,726.3209337362589
8.0,68.0,722.1084059405636,368.357962564586,727.9286767365522
8.0,70.0,724.0379654122056,419.2774167155066,731.8436134091663
8.0,72.0,728.4233409016606,451.37693047894015,737.8182612955196
8.0,74.0,734.9024672450195,466.4472127014535,745.5413085363659
8.0,76.0,742.9707948875332,475.97369666691884,754.690201440892
8.0,78.0,752.0431802827889,499.40524697030594,764.9738795349123
8.0,80.0,761.5205538533868,559.4947527199256,776.1568836573831
8.0,82.0,770.851863843444,676.0005680502709,788.0603763518181
8.0,84.0,779.5832960928809,859.7649695867499,800.540874006069
8.0,86.0,787.3894066446609,1109.1565087942768,813.4526009710897
8.0,88.0,794.0840514873888,1410.042669017608,826.6032662216153
8.0,90.0,799.6122671015124,1739.1845297343075,839.7149053056181
8.0,92.0,804.0270020458104,2069.7684906878985,852.4008099191998
10.0,0.0,682.2139237368689,1401.460645121913,656.8336169552595
10.0,2.0,681.4064845611933,1170.3420251531154,661.5728976056263
10.0,4.0,684.7135065588285,969.5065831237606,670.0279408269519
10.0,6.0,692.0358130668383,796.1601406876059,681.9359885510593
10.0,8.0,702.9523735308873,643.7195782892472,696.7838166216474
10.0,10.0,716.75405467365,505.8392361293995,713.8380358494221
10.0,12.0,732.5113989899012,379.8437985010443,732.2024879046609
10.0,14.0,749.168611164937,267.95069191275354,750.8973419673318
10.0,16.0,765.651953177698,175.83434374456408,768.950547595255
10.0,18.0,780.9784054921402,109.44623807963944,785.489630324699
10.0,20.0,794.3501818418689,71.79795773081094,799.8210397803958
10.0,22.0,805.2226005331966,61.24657624190739,811.4856565613323
10.0,24.0,813.3366709211336,71.88007422205227,820.2825081898828
10.0,26.0,818.7129773688392,95.49215907273228,826.2577065204644
10.0,28.0,821.6092224297082,123.984144070264,829.6612517197967
10.0,30.0,822.4492061496389,151.10490878382362,830.8796397162646
10.0,32.0,821.7351952409736,173.04649261810164,830.3561783324108
10.0,34.0,819.9578955013765,188.09387544690418,828.5128025684611
10.0,36.0,817.5182171868529,195.88555866108825,825.6866003992984
10.0,38.0,814.6727279940754,196.7714193560413,822.0912981311648
10.0,40.0,811.5105119010599,191.44263679534816,817.8091465396433
10.0,42.0,807.9637971859489,180.74338536283304,812.812893124126
10.0,44.0,803.8490793327602,165.52654054704448,807.0119089658847
10.0,46.0,798.9304798449325,146.54715685804996,800.3121271188182
10.0,48.0,792.993565895405,124.52264014644246,792.6770793415395
10.0,50.0,785.9163660337356,100.47276363766049,784.1774293894726
10.0,52.0,777.7250617487024,76.26848746966463,775.0189493068885
10.0,54.0,768.6246413613608,55.08791592064293,765.5433477902525
10.0,56.0,758.9991554510917,41.36950788573,756.2018391716467
10.0,58.0,749.3813472316741,39.972642522930755,747.5067432636064
10.0,60.0,740.3964705519813,54.588342696356264,739.9706568972935
10.0,62.0,732.6892171641758,85.86248384763691,734.0450003840593
10.0,64.0,726.8452012989059,130.0178623667988,730.0695835323253
10.0,66.0,723.3190302263273,178.81652277686723,728.2423147465348
10.0,68.0,722.3796026323032,221.38844862629014,728.6138308616133
10.0,70.0,724.0802330224434,247.7966752969464,731.1065625972727
10.0,72.0,728.2570764000067,253.40719626146026,735.5526643446166
10.0,74.0,734.5548546525728,242.51625334416812,741.741383716316
10.0,76.0,742.4748179183025,229.60470782355168,749.4646289243306
10.0,78.0,751.4368552169962,237.2175462678099,758.5500949432703
10.0,80.0,760.846128910179,290.6651028796771,768.8742173598336
10.0,82.0,770.1547004346992,411.04686227007596,780.3518415358957
10.0,84.0,778.9102067845082,608.9102803454962,792.9048692114677
10.0,86.0,786.7863595094103,880.7493757476391,806.4171518238384
10.0,88.0,793.5933287406787,1209.5169981484592,820.6864767556314
10.0,90.0,799.2693455691546,1568.8223090665892,835.3858548684107
12.0,0.0,669.7463066042236,1152.759424064709,638.306575108457
12.0,2.0,668.283159308686,913.1058288551532,643.0721876242108
12.0,4.0,671.2650677053286,716.5397427995765,651.8229210051736
12.0,6.0,678.6063718113589,560.0053160668722,664.2367751718764
12.0,8.0,689.8736773582068,434.826299310305,679.7428810843742
12.0,10.0,704.321961743211,331.08388216510116,697.556942136603
12.0,12.0,720.9672011327069,241.70987959718366,716.7423213517056
12.0,14.0,738.6869608985619,164.5039612580249,736.2910340532746
12.0,16.0,756.336218220855,101.42101932173915,755.2152088868814
12.0,18.0,772.8632918788894,55.88055747113374,772.6371790291381
12.0,20.0,787.4105767035005,29.74141798000968,787.8658302386698
12.0,22.0,799.3869084072335,21.521051088744166,800.4484051151908
12.0,24.0,808.5025337835891,26.55718146395204,810.1904874335587
12.0,26.0,814.7632093061933,38.69657636921733,817.1418214540967
12.0,28.0,818.4260344022798,52.39177768863733,821.5511138622882
12.0,30.0,819.9252795608861,64.1070758665488,823.7980308343572
12.0,32.0,819.7807891028465,72.53259031613669,824.3142955421508
12.0,34.0,818.503831936886,77.83347651066808,823.507401524028
12.0,36.0,816.5151805468995,80.59030626772045,821.6996544898542
12.0,38.0,814.0877526533408,81.05262461935946,819.0921642562487
12.0,40.0,811.3217747850216,78.9711253378656,815.758595350931
12.0,42.0,808.1548632266993,73.88532644957107,811.6678529492261
12.0,44.0,804.4035971157329,65.55293027460203,806.7294991617401
12.0,46.0,799.8280440078721,54.26102385448465,800.8515891838688
12.0,48.0,794.2071208889574,40.94263892065926,793.9985674201184
12.0,50.0,787.4111924335821,27.172148281757195,786.2372482195626
12.0,52.0,779.4591196352353,15.131705660599659,777.7616225990079
12.0,54.0,770.5498825256467,7.539771801085102,768.8917182410017
12.0,58.0,751.5301570726284,17.421863942852987,751.7005695501614
12.0,60.0,742.5752300624947,38.95469768465574,744.3219913158204
12.0,62.0,734.8446924912358,70.79793600828597,738.3229862904667
12.0,64.0,728.9270726814649,108.25487712306611,734.013951323952
12.0,66.0,725.281320754781,143.23531442788197,731.5810372780583
12.0,68.0,724.1821585494195,165.94872528892483,731.0867645099542
12.0,70.0,725.6903255870044,168.22208551583918,732.4926306247119
12.0,72.0,729.6510922444179,147.65645552944204,735.6972826590467
12.0,74.0,735.7199204137005,111.1077273462094,740.5804222609565
12.0,76.0,743.4101015273719,75.77578730894649,747.0413425023897
12.0,78.0,752.1542326874404,66.78604640807177,755.0221564349077
12.0,80.0,761.3699226501094,111.4356363240147,764.5091629532569
12.0,82.0,770.5202878259903,231.73001857917012,775.510728701301
12.0,84.0,779.1614533684083,437.7472220717444,788.0155332855212
12.0,86.0,786.9720219528768,724.2259534508205,801.9398836907824
12.0,88.0,793.762761838669,1071.5775186610847,817.076007359385
14.0,0.0,659.5443864793895,938.4145232068855,623.7965505733474
14.0,2.0,657.4027680171716,692.2755385630514,628.6883582354608
14.0,4.0,659.9633350756235,500.5732311376682,637.8015437312588
14.0,6.0,667.161021686348,360.27402909980935,650.7460795004449
14.0,8.0,678.5621868519877,261.04492903030916,666.8868257140878
14.0,10.0,693.4017269798621,189.7867034753374,685.3850562784862
14.0,12.0,710.6588045360932,135.260789390254,705.2636916504091
14.0,14.0,729.1621216968354,90.9163712346266,725.4900973293064
14.0,16.0,747.7113251473465,55.040117445867665,745.0669567467462
14.0,18.0,765.1986730625039,28.720497650296075,763.1196781375808
14.0,20.0,780.7149652430313,13.08682359659722,778.9685623381364
14.0,24.0,803.6102207028953,8.646096301263428,802.560447266317
14.0,26.0,810.6538307885036,12.949295135048253,810.1811903427066
14.0,28.0,815.0062840055465,16.981842214611156,815.2883826425978
14.0,30.0,817.1044811850064,19.215062108506785,818.2561041886576
14.0,32.0,817.4787621265285,19.94473876775857,819.5047172561679
14.0,34.0,816.6559516584807,20.417701001623882,819.4274634314785
14.0,36.0,815.0746432317483,21.66282336517616,818.3330625447647
14.0,38.0,813.0253696972275,23.70331329343489,816.4131093795753
14.0,40.0,810.6238231018257,25.511194292735013,813.7382697949216
14.0,42.0,807.8196031268036,25.625640450650618,810.2818232641882
14.0,44.0,804.4370507946539,23.04194374722724,805.9640250535404
14.0,46.0,800.2395388377554,17.91320721888826,800.7070412838825
14.0,48.0,795.0049801179841,11.767249749822616,794.4885543705556
14.0,52.0,781.031756982888,7.246066106157807,779.5810979217699
14.0,54.0,772.4919021891089,14.632658714535495,771.3870874981267
14.0,56.0,763.3465613859848,31.190057598816725,763.1897684706103
14.0,58.0,754.1128689315368,57.350399533146046,755.4188307672365
14.0,60.0,745.4025779472712,91.70103702948772,748.4928782782206
14.0,62.0,737.8499372234877,130.5419118871305,742.771127417366
14.0,64.0,732.0341930286797,167.64979954599374,738.5185427946548
14.0,66.0,728.4087225612654,194.7146372481916,735.891192762554
14.0,68.0,727.2473161763961,202.96197521536652,734.9440131521752
14.0,70.0,728.6150023121036,186.11336118567004,735.6580832047565
14.0,72.0,732.3666539638858,144.10021125624917,737.980030774751
14.0,74.0,738.1721737971229,86.17159346607008,741.8632706717386
14.0,76.0,745.563078913836,31.720303174660557,747.3001011352904
14.0,80.0,762.8986223732458,42.46563811870906,763.0568782104023
14.0,82.0,771.7639402135139,158.52149575609553,773.5609529866515
14.0,84.0,780.160161715915,365.3953368996715,785.9011562705751
14.0,86.0,787.7766160569215,656.5505657476328,800.0278047044009
16.0,0.0,652.3766741746387,774.2003533286863,613.9770102333928
16.0,2.0,649.5791896504429,523.8157179304433,619.0982595824769
16.0,4.0,651.6486986619902,336.6877552204454,628.6426600447448
16.0,6.0,658.546679781396,209.91478628874643,642.1452521527585
16.0,8.0,669.851599363333,131.96115882176622,658.9008837591173
16.0,10.0,684.7955967938948,87.21173868690498,678.0127170589888
16.0,12.0,702.3413493430027,60.97656739139788,698.4621810502284
16.0,14.0,721.2897899475688,43.02139371243297,719.1937459441486
16.0,16.0,740.4048749398171,28.55424278942212,739.2049643480464
16.0,18.0,758.5390762440751,16.874201218113246,757.6305976215368
16.0,20.0,774.7431429881694,8.895412988774982,773.8097735411485
16.0,22.0,788.3460050052422,5.012774422327157,787.3271382885326
16.0,24.0,798.9951440869456,4.254048383813963,798.0226414258246
16.0,26.0,806.6536578500414,4.765859258842894,805.9693541940787
16.0,28.0,811.5566635333503,4.948930149190346,811.4237503015358
16.0,30.0,814.1356211823896,4.349938093904809,814.7572617694724
16.0,36.0,813.190379238948,7.169488634905953,815.9371255672027
16.0,38.0,811.4316000307533,11.592130562508759,814.3523512337117
16.0,40.0,809.3163353486016,16.1489801140463,811.9934187706843
16.0,42.0,806.812962974011,18.951300849776352,808.845063824454
16.0,44.0,803.7618059630386,18.908306773666773,804.847323717584
16.0,46.0,799.9376972897311,16.670174872885113,799.9471429961466
16.0,48.0,795.1241153056077,14.894617085345736,794.1469335182113
16.0,50.0,789.1852924967519,17.67070122851498,787.5397727662761
16.0,52.0,782.1235304901647,29.306202092230208,780.3240651443591
16.0,54.0,774.1118774314666,52.944385018611975,772.7950311963069
16.0,56.0,765.4967792227042,89.49608240340721,765.3153873467209
16.0,58.0,756.7705035753087,137.15633340583844,758.2719958649704
16.0,60.0,748.5181603425781,191.47034960609918,752.0281792332913
16.0,62.0,741.3481698910573,245.73577309322638,746.8821904330788
16.0,64.0,735.8174327224152,291.61058900455794,743.0408346737385
16.0,66.0,732.3629006227367,320.0703625352629,740.6137531683969
16.0,68.0,731.2497614474931,323.06446594359187,739.6291341407848
16.0,70.0,732.5433731631504,296.0747252809142,740.0666175564143
16.0,72.0,736.1080169422823,241.2072654579474,741.8989886428216
16.0,74.0,741.6312183904784,169.71399288544106,745.1318405047036
16.0,76.0,748.6685454211564,102.44561699821188,749.8303088448258
16.0,78.0,756.7010385088745,67.11283148733168,756.1243447356862
16.0,80.0,765.196145741317,92.40496138709875,764.1883857903102
16.0,82.0,773.6633243844913,200.50075489505286,774.1968627881315
16.0,84.0,781.6971574350434,400.5236424092957,786.2626114574811
18.0,0.0,648.8551700258374,668.0746779531021,609.2650719763108
18.0,2.0,645.4689995686526,415.7614852687149,614.6986537476597
18.0,4.0,647.0078695758987,232.6114955992835,624.7185241351965
18.0,6.0,653.4641131363796,115.81001155959346,638.7812175064366
18.0,8.0,664.4401348725911,52.99489128690604,656.1083626462196
18.0,10.0,679.1832490256842,26.782638089032417,675.7428495959126
18.0,12.0,696.6616077648232,20.008517026715378,696.6240346779052
18.0,14.0,715.6719133915881,19.77524180972512,717.6747895303334
18.0,16.0,734.9650458080896,19.112622138355157,737.8907317710754
18.0,18.0,753.373148281376,16.213682071087376,756.4208214025939
18.0,20.0,769.9215407284888,12.216535237183994,772.6290417390044
18.0,22.0,783.9111322924693,8.878992584480592,786.129175523598
18.0,26.0,803.0102844123595,7.031215971135741,804.7005743053385
18.0,28.0,808.2724343717758,8.003718724644745,810.1331566595771
18.0,30.0,811.1658748216412,9.857989318706371,813.4590530405893
18.0,32.0,812.2183274053451,12.83944962054683,815.0829154169411
18.0,34.0,811.9695166864545,17.312170826796688,815.3752123065486
18.0,36.0,810.884385273976,23.13162577860834,814.6239801758567
18.0,38.0,809.2900566097403,29.233779244188653,813.0110775341818
18.0,40.0,807.344912721851,33.827107167234296,810.6149461544655
18.0,42.0,805.0425464598402,35.24699268841084,807.4368447115253
18.0,44.0,802.2475049073948,33.150846382132826,803.4431718321035
18.0,46.0,798.754629304219,29.482811129383023,798.6136851924601
18.0,48.0,794.3602365404075,28.650827769861117,792.9846988989465
18.0,50.0,788.9319151750084,36.6550240295634,786.6778359226724
18.0,52.0,782.4644952265865,59.365096564340035,779.9083103129217
18.0,54.0,775.1125802594871,100.54474580770872,772.9713091333226
18.0,56.0,767.1943498847558,160.3488347819448,766.2098790239418
18.0,58.0,759.1663664717607,234.79703748245396,759.9717817490772
18.0,60.0,751.573978541104,316.28566188545034,754.5652032874929
18.0,62.0,744.9857965584919,394.8099887927037,750.2234515297614
18.0,64.0,739.9230176595579,459.4724798594499,747.0867776983093
18.0,66.0,736.7947848637114,500.0745082752653,745.2056005145996
18.0,68.0,735.8493119955566,508.9018259726543,744.5644966617025
18.0,70.0,737.1475329113998,482.88304198395804,745.1213876689555
18.0,72.0,740.5621284855808,425.94826480391555,746.8524759825826
18.0,74.0,745.8006586741633,350.8040129026457,749.7915443625963
18.0,76.0,752.4478857694914,278.92161471078055,754.0527344460329
18.0,78.0,760.0197956871428,237.76173268552557,759.8288669923745
18.0,80.0,768.0206614943853,255.23471707758085,767.362249289417
18.0,82.0,775.9948318013268,352.73185650388376,776.8908010959902
20.0,0.0,649.3455797238548,617.2794803612007,609.7656214948421
20.0,2.0,645.4760359570861,365.300042188176,615.5517861641387
20.0,4.0,646.474465139118,185.78351731689546,626.0419018020891
20.0,6.0,652.366374257628,75.8805849524993,640.6149242908809
20.0,8.0,662.7887114049049,22.658556343573835,658.4200760126921
20.0,12.0,694.0610143027391,12.06845049059119,699.5764079374517
20.0,14.0,712.7244672672942,21.48913146188955,720.7299396973549
20.0,16.0,731.7743125136038,27.631299437016654,740.8984818524273
20.0,18.0,750.0442196650457,28.169862118719934,759.249386445618
20.0,20.0,766.5512456692612,24.693669068489925,775.1765200862701
20.0,22.0,780.5795610564622,20.254434838855502,788.3284076009917
20.0,24.0,791.7257995693889,17.506112513826814,798.605416281746
20.0,26.0,799.9018243297797,17.880439206082638,806.127537655353
20.0,28.0,805.2970197379216,21.6381485957282,811.1788112168219
20.0,30.0,808.3080797205662,28.302788087941877,814.138005886067
20.0,32.0,809.448750178077,37.00913693321123,815.4071435228573
20.0,34.0,809.254407801672,46.56882946216844,815.34940621887
20.0,36.0,808.1963748296954,55.37121944051514,814.2458800108709
20.0,38.0,806.6185353028519,61.42263262979188,812.2768125872432
20.0,40.0,804.7045741946836,62.797414164472656,809.52829990068
20.0,42.0,802.4787536497519,58.54833434670645,806.0204734819552
20.0,44.0,799.8374923572773,49.80742414052253,801.7492760931882
20.0,46.0,796.6040620055829,40.55960434918197,796.7315712305887
20.0,48.0,792.5952520300882,37.544774827190544,791.0430964344513
20.0,50.0,787.6873986052051,49.01035481104705,784.8406861123257
20.0,52.0,781.8698885234107,82.51785281680296,778.3638638124378
20.0,54.0,775.2769233231944,142.48205726470528,771.9155780991653
20.0,56.0,768.1924298671883,228.32790392965927,765.8265551699823
20.0,58.0,761.0277760630379,333.9462454825189,760.4114704613568
20.0,60.0,754.2765580262038,448.6062176866121,755.9270926045281
20.0,62.0,748.4543970166945,558.9299729598572,752.5422769124674
20.0,64.0,744.0338467881403,651.2680064755042,750.3271937050641
20.0,66.0,741.384877714578,713.9486200364489,749.2649507060368
20.0,68.0,740.7300097764304,739.2433785773226,749.2836715795205
20.0,70.0,742.1203493997382,725.1479953306514,750.3021993440382
20.0,72.0,745.4351080378661,676.9670360242928,752.2789723215658
20.0,74.0,750.4033202065291,608.2597736415632,755.252110235584
20.0,76.0,756.6431006597892,540.3142012668217,759.3597761121623
20.0,78.0,763.7114213112457,499.39913233836273,764.8333584461371
20.0,80.0,771.1563699273762,511.77193488785736,771.9613459696081
22.0,0.0,653.9026982642145,608.7213707116186,615.247912958103
22.0,2.0,649.6819428732197,359.2882878945512,621.3671813152654
22.0,4.0,650.1558135955927,183.7440400910285,632.2536259136534
22.0,6.0,655.3831641607109,79.10162470169793,647.214774291273
22.0,8.0,665.0442778302722,32.01447084829651,665.3333773249835
22.0,10.0,678.4682873007948,23.32584567740143,685.5392904896253
22.0,12.0,694.7011878394625,33.51847793202593,706.6957851992836
22.0,14.0,712.6059927864437,47.222860547810086,727.6917743890824
22.0,16.0,730.9820345034353,55.53778992920073,747.529909943621
22.0,18.0,748.6877380688792,55.93056537366789,765.4003428978712
22.0,20.0,764.7508281414689,50.398878597244654,780.7313442288272
22.0,22.0,778.4519459318833,43.004619573306336,793.2108910277606
22.0,24.0,789.3717452953846,37.75729705096534,802.7773534314194
22.0,26.0,797.3970608920885,37.34532575986893,809.5819415372614
22.0,28.0,802.687821821716,42.70957995043726,813.9298121248548
22.0,30.0,805.6120587172046,53.16114493530945,816.2099165745439
22.0,32.0,806.6607316663128,66.71977309577733,816.8251756426973
22.0,34.0,806.3565222904136,80.49941995867572,816.1340666653888
22.0,36.0,805.1708486587928,91.1502268836002,814.412249455628
22.0,38.0,803.4612230954958,95.4708246378153,811.8388643810916
22.0,40.0,801.4370973828188,91.2793650201954,808.5073468129958
22.0,42.0,799.1572379551503,78.48152619480175,804.4559282458129
22.0,44.0,796.5563232801981,60.056743748901766,799.7093452933336
22.0,46.0,793.4937490478852,42.50834848609513,794.3213768142036
22.0,48.0,789.8143185506906,35.32036138986048,788.4080622285932
22.0,50.0,785.4090776850588,49.21777312654362,782.1637812564217
22.0,52.0,780.2651797807576,93.49415483111389,775.856329745829
22.0,54.0,774.4961351751186,173.1535184707732,769.8018984204108
22.0,56.0,768.3476084823201,286.84521209530214,764.3254574876081
22.0,58.0,762.1783608750934,426.37570459172406,759.7154928519221
22.0,60.0,756.4202091368815,578.0124759173955,756.1835713496556
22.0,62.0,751.524267323851,725.135237004077,753.8384578862366
22.0,64.0,747.9027187049876,851.3880337467676,752.6815629942967
22.0,66.0,745.8756758139693,943.5316199883237,752.6259266869447
22.0,68.0,745.6313696378265,993.5852653956533,753.5356675263217
22.0,70.0,747.2052897897768,1000.2555371733429,755.2779501917634
22.0,72.0,750.4805074054356,969.7668834092195,757.7761139938923
22.0,74.0,755.2078833725916,915.9782381687133,761.0514579811414
22.0,76.0,761.041810179761,859.3441387469522,765.2426557622847
22.0,78.0,767.5850435145367,824.2402901360877,770.5957058468457
24.0,0.0,662.2434441310361,622.4318837592058,625.1607570331971
24.0,2.0,657.8159843913824,377.85666516555443,631.5254528108889
24.0,4.0,657.7999184028093,207.50526153744005,642.6559636624186
24.0,6.0,662.2855166919513,108.24262165962367,657.7999122626654
24.0,8.0,671.0029441816964,66.43499027053652,675.9851867255805
24.0,10.0,683.3445818749474,62.5390438660511,696.0987752722411
24.0,12.0,698.4264437991169,76.58423337676882,716.9780745747365
24.0,14.0,715.1810257724562,92.71645820384367,737.5054994059781
24.0,16.0,732.469495957744,101.59674039076219,756.6961140570735
24.0,18.0,749.1984610465539,100.4479197872476,773.7682919736117
24.0,20.0,764.4260488507105,91.39854598018731,788.1892283873749
24.0,22.0,777.443824730434,79.13860450127548,799.6903397282787
24.0,24.0,787.82482744104,68.75410157971179,808.2517567957358
24.0,26.0,795.4331694969881,64.18728309459982,814.0596025948831
24.0,28.0,800.396374289996,67.37761509626787,817.4437719882485
24.0,30.0,803.0470066918347,77.95097059272626,818.8067612317315
24.0,32.0,803.8443511478048,93.3323977663797,818.5551745063041
24.0,34.0,803.2892632355471,109.24188656805062,817.0446093084017
24.0,36.0,801.8455404697572,120.57764745340268,814.545812656997
24.0,38.0,799.8792606069693,122.65348171004354,811.2357924830666
24.0,40.0,797.6239050022082,112.65394030078832,807.2127373280682
24.0,42.0,795.1743817406275,91.0416788559615,802.5290608604573
24.0,44.0,792.5081072228352,62.53511255409943,797.2335295835509
24.0,46.0,789.526928449882,36.22447805072599,791.411922975695
24.0,48.0,786.1105752014668,24.484922907616795,785.2163301806133
24.0,50.0,782.1709796353077,40.632493619581226,778.8758911697299
24.0,52.0,777.697332480318,95.71847338718021,772.6860088256211
24.0,54.0,772.7839731713755,195.30383399764668,766.9779356247257
24.0,56.0,767.6366661891611,337.25667692744827,762.0751632215291
24.0,58.0,762.5568387479132,511.39665474291814,758.2462523854172
24.0,60.0,757.9072219114327,701.20467276282,755.6649200882996
24.0,62.0,754.065389494148,887.0885405870404,754.3870394294537
24.0,64.0,751.3734461616988,1050.205074703879,754.3508762992515
24.0,66.0,750.092351434184,1175.8186764399732,755.4020146233735
24.0,68.0,750.368133769052,1255.5771307768014,757.3389853674641
24.0,70.0,752.2148575379118,1288.6106242229173,759.9707440828671
24.0,72.0,755.5161491760101,1281.6716395766266,763.1738955590258
24.0,74.0,760.0439453848724,1248.4896679458539,766.9367064664867
24.0,76.0,765.4904492480512,1208.2654055230694,771.3787806748351
26.0,0.0,673.7643674858784,636.7800332949746,638.6858636487706
26.0,2.0,669.2715022669395,399.63397852422867,645.1427110437032
26.0,4.0,668.8104350783667,236.48649845258836,656.289249399532
26.0,6.0,672.4990457599139,144.16166649654275,671.3296299845387
26.0,8.0,680.1214291267916,108.91455482943059,689.2540628539591
26.0,10.0,691.1446042394516,110.99018062398932,708.9231852958666
26.0,12.0,704.7719998197734,130.07622676178406,729.1632685431856
26.0,14.0,720.0270237523495,149.8242920092135,748.8625259449519
26.0,16.0,735.8557973863416,160.28498106908526,767.0580306972402
26.0,18.0,751.2355005342972,158.1035235647807,783.0034230375503
26.0,20.0,765.2741521748387,145.11886787222875,796.2097602080382
26.0,22.0,777.2891451745811,126.28456158332219,806.455336047857
26.0,24.0,786.855219765154,107.6255112261345,813.7645996450442
26.0,26.0,793.8172557613766,94.55334324638552,818.3607590704148
26.0,28.0,798.2685305310292,90.58740826964495,820.600503939895
26.0,30.0,800.5000859536704,96.48813182189664,820.9018135425508
26.0,32.0,800.9307868628531,109.91357859567105,819.6765315295527
26.0,34.0,800.0299376205991,125.77915157302431,817.2780953491011
26.0,36.0,798.2446406502581,137.41841203371723,813.9716926262618
26.0,38.0,795.9424529946356,138.4263436208855,809.9297175034555
26.0,40.0,793.3766693437035,124.82082638102358,805.2505239540197
26.0,42.0,790.6773337811907,96.98899742146152,799.9940444933704
26.0,44.0,787.8666051619837,60.84377635628535,794.2247240825074
26.0,46.0,784.8931331063377,27.71108099985084,788.0510363068644
26.0,48.0,781.6772849779697,12.703214849568342,781.6518575783718
26.0,50.0,778.1578151100808,31.706859995329395,775.2829964845544
26.0,52.0,774.3310127466357,97.57217234805,769.2616192865058
26.0,54.0,770.2753318430148,216.4873769196068,763.9312846207573
26.0,56.0,766.1575650778337,385.65553776028435,759.6147755333911
26.0,58.0,762.2201786858046,593.1082498261342,756.5649449537319
26.0,60.0,758.7528221702777,819.832252517464,754.9246937982673
26.0,62.0,756.0536802840074,1043.605567502595,754.7057214755383
26.0,64.0,754.3878228644521,1243.3978699401746,755.7920557404236
26.0,66.0,753.9498430544535,1403.137212336895,757.9692673056725
26.0,68.0,754.8369216209213,1514.0668599590997,760.9747191169713
26.0,70.0,757.036306738952,1575.5370101572562,764.5593383669017
26.0,72.0,760.4285065716524,1594.5418764043588,768.548280825396
26.0,74.0,764.804774840453,1584.4198740000543,772.8872151402164
28.0,0.0,687.6032791219693,633.6771593913527,654.8223671952235
28.0,2.0,683.1688382164114,406.8356009217032,661.1670046719364
28.0,4.0,682.3096991787954,253.37266362363368,672.0414763090389
28.0,6.0,685.1660354427593,170.25625543556276,686.6267650178228
28.0,8.0,691.5773510264657,143.89603101686265,703.8974033530203
28.0,10.0,701.0934068115434,154.5180388283544,722.7093727444766
28.0,12.0,713.018849096771,181.47756881794345,741.8975308542238
28.0,14.0,726.4859484659727,207.7207625934135,760.3724346003662
28.0,16.0,740.5459077596188,222.29359957077372,777.2059391866165
28.0,18.0,754.266652801172,220.7812640152428,791.6959193732029
28.0,20.0,766.8242830842327,204.28885304733956,803.4029026167613
28.0,22.0,777.57654523093,177.75761447131873,812.1550762937845
28.0,24.0,786.1096004847162,148.14947309000678,818.0225269186772
28.0,26.0,792.2535095035192,122.67022787766626,821.2659964652742
28.0,28.0,796.0665749090433,107.0470563022935,822.2691416008714
28.0,30.0,797.7932025471972,103.99777651031087,821.4655756622535
28.0,32.0,797.8035505041076,112.25458527820962,819.2723985014104
28.0,34.0,796.5253818146336,126.5863974477078,816.0403382761792
28.0,36.0,794.3789310937822,139.0717370469594,812.0272760463112
28.0,38.0,791.724247270912,141.4735886769892,807.3973794187617
28.0,40.0,788.827686828337,128.15021214929527,802.243165761341
28.0,42.0,785.8505389762025,98.68432751628657,796.6234757407633
28.0,44.0,782.8588326167533,59.40942278671908,790.6074081391348
28.0,46.0,779.849882830636,23.238741477791017,784.3133367845007
28.0,50.0,773.6458992442193,30.761533082356614,771.7371795240444
28.0,52.0,770.4304575225173,107.38727962036724,766.052656150178
28.0,54.0,767.2097072852492,244.43228240419933,761.2280397716136
28.0,56.0,764.1149239111487,438.6625896618324,757.5819096082168
28.0,58.0,761.3312511181614,676.616743778917,755.3524658042207
28.0,60.0,759.0749217823901,937.134601987048,754.6571588722127
28.0,62.0,757.562559208691,1195.7277799723993,755.4723298283797
28.0,64.0,756.9785699241534,1429.4920941929486,757.6386527556065
28.0,66.0,757.4466438509071,1621.2080857559006,760.8929297921425
28.0,68.0,759.0102890103287,1761.7385086581755,764.9211760379857
28.0,70.0,761.6254220323236,1850.540770339337,769.4231015665083
28.0,72.0,765.1657212575353,1894.6964563927356,774.1750857232339
30.0,0.0,702.737242260243,602.2841623883546,672.4903373031369
30.0,2.0,698.4567222312339,388.85370461827546,678.4926080935403
30.0,4.0,697.2417149445722,247.65902980674022,688.7745324922254
30.0,6.0,699.2483272942981,175.97043088870635,702.516595552491
30.0,8.0,704.3704820626849,160.67325931332942,718.7031214398689
30.0,10.0,712.2452292085321,182.2555910272346,736.2112140521626
30.0,12.0,722.2880407830205,219.82072992300976,753.9081972907067
30.0,14.0,733.753665388157,255.43543542304633,770.747270506168
30.0,16.0,745.8145191403904,276.774049288446,785.8507822800169
30.0,18.0,757.6461863630293,277.93483923104725,798.5716758127539
30.0,20.0,768.5087760310244,258.9431103632361,808.5262631029183
30.0,22.0,777.813753448954,224.560283654433,815.5952645118572
30.0,24.0,785.1682852624008,182.73298751490103,819.8944780111119
30.0,26.0,790.3926908876065,142.71265452510687,821.7208188206534
30.0,28.0,793.5106933762461,112.85201242155344,821.4830442760946
30.0,30.0,794.7161361115488,98.35862378983484,819.6285914069454
30.0,32.0,794.3230429730047,99.61640079640398,816.57817505506
30.0,34.0,792.7078575927037,111.77567731758512,812.678020526775
30.0,36.0,790.2531370272213,126.02375114201817,808.1761045156728
30.0,38.0,787.3008978706451,132.38593762016444,803.2241571957175
30.0,40.0,784.1214782551975,123.33127570615564,797.9022791216504
30.0,42.0,780.9006517069382,97.11332870433475,792.2587724116324
30.0,44.0,777.7443885102921,59.77918373009015,786.3550024845755
30.0,46.0,774.6976956827709,25.101313165423385,780.3043550187798
30.0,48.0,771.7718697662854,12.22293144672416,774.295807031394
30.0,50.0,768.973578607474,41.43439516501043,768.5960309479724
30.0,52.0,766.3295317767503,129.08045340881432,763.5286399151105
30.0,54.0,763.9019543606769,282.9716188094184,759.4342286560429
30.0,56.0,761.7923022058944,499.66821368684026,756.6192377606151
30.0,58.0,760.1331848309557,764.5357790829183,755.3044506760866
30.0,60.0,759.0708040153819,1054.6307106514314,755.5845016981884
30.0,62.0,758.7419459979789,1343.5607760568682,757.4079449338633
30.0,64.0,759.2503997102776,1606.8571158680875,760.5835098319351
30.0,66.0,760.6475164756338,1826.3570369896752,764.8128899385431
30.0,68.0,762.9205768755575,1992.6199835973125,769.7448224814642
30.0,70.0,765.9909510226524,2105.1955373143437,775.0404615305381
32.0,0.0,718.1029069523635,540.4277292691256,690.6381794864075
32.0,2.0,714.037490539572,343.6711169034412,696.0749992293196
32.0,4.0,712.5000836455105,217.22861965672342,705.4477599569686
32.0,6.0,713.6558270514714,158.6628850291017,717.9597008630983
32.0,8.0,717.449846582135,155.60178351910974,732.6320931761919
32.0,10.0,723.6074247749135,189.15547637655175,748.3913954347837
32.0,12.0,731.6599401522462,238.44632169599294,764.1640784455781
32.0,14.0,740.993323620878,284.7488280053635,778.9689917006394
32.0,16.0,750.912594032153,314.2874389069074,791.9969120946588
32.0,18.0,760.7138236648618,319.52229591885305,802.6681303781752
32.0,20.0,769.754001205912,299.26958363106667,810.6615681665143
32.0,22.0,777.5098357788969,258.04556498351315,815.9126898950982
32.0,24.0,783.6184678820089,204.76285703057474,818.5818488780812
32.0,26.0,787.8959851684674,150.70757831719914,818.9989893000616
32.0,28.0,790.3330824535552,106.84379680560127,817.5940778785148
32.0,30.0,791.0705808385187,80.88975314653666,814.8246194453146
32.0,32.0,790.3602816123505,75.00154766864557,811.1117105889849
32.0,34.0,788.5183498150564,84.96828088920725,806.7942234049364
32.0,36.0,785.8788671457966,101.44504323685655,802.107170391332
32.0,38.0,782.7543608720711,113.06798039370855,797.1856942609685
32.0,40.0,779.4082237213416,110.60962327342006,792.0912916915089
32.0,42.0,776.0413839285562,90.92165915358208,786.8527280903822
32.0,44.0,772.7928565480867,59.407024506560035,781.5114364497442
32.0,46.0,769.7514026416724,30.135414769519585,776.1605538139893
32.0,48.0,766.9738508670896,23.345381343627217,770.9682853955994
32.0,50.0,764.5049467867321,60.81042628956502,766.1797225390621
32.0,52.0,762.3939420742253,160.216003826065,762.0959138607742
32.0,54.0,760.7043745313787,330.1044916434912,759.0339714685597
32.0,56.0,759.5153163256734,566.9119828587034,757.2762731064873
32.0,58.0,758.9143845345576,855.0667589721717,757.0195002737075
32.0,60.0,758.9846053977137,1170.172077264267,758.3347379680577
32.0,62.0,759.788460287645,1484.2933160335215,761.1479917096267
32.0,64.0,761.3529072952425,1771.7255004316808,765.2465675344578
32.0,66.0,763.658823151104,2013.6059622630532,770.3115539284166
32.0,68.0,766.6372672206631,2200.3311573389615,775.9711734517468
34.0,0.0,732.7212278870819,453.72256155506295,708.338750651795
34.0,2.0,728.8972960088412,277.0671170430601,713.0296223210034
34.0,4.0,727.0614346482092,167.80024645030326,721.2201291812504
34.0,6.0,727.3808762680655,123.46797347501693,732.1582441735084
34.0,8.0,729.8468670557542,132.5108188643653,744.9290181100336
34.0,10.0,734.2704279265762,177.01992303327006,758.5369723883034
34.0,12.0,740.2993453252425,236.6299185388297,771.9954199444538
34.0,14.0,747.4542621520495,292.31343842140006,784.4130975701701
34.0,16.0,755.17900875562,329.25678261002747,795.0682575620041
34.0,18.0,762.8983413238097,338.5907569832345,803.4615252998722
34.0,20.0,770.0753570704856,318.1134320607857,809.3413642214476
34.0,22.0,776.2611655734449,272.13179686658077,812.6996230823934
34.0,24.0,781.1308397248179,210.35340793875022,813.7388574128416
34.0,26.0,784.5019816685806,145.70000093363132,812.8172420501528
34.0,28.0,786.335009283759,91.17814972632677,810.3802067240847
34.0,30.0,786.7170196693396,56.42717207111748,806.8898103022964
34.0,32.0,785.8333588753258,44.96017020812062,802.7629263112451
34.0,34.0,783.9324636819723,53.12243578066307,798.3274676887909
34.0,36.0,781.2899459418012,71.33024574230717,793.8024123450537
34.0,38.0,778.1772600228478,87.39966998774908,789.3029028598929
34.0,40.0,774.8388126701805,91.04504971873955,784.8670013491436
34.0,42.0,771.4793705874689,78.19572191949166,780.4966685503849
34.0,44.0,768.2615002719463,53.770846902243335,776.2029831898564
34.0,46.0,765.3109407749232,31.938412064541595,772.0450380991551
34.0,48.0,762.7265876500762,33.55213672611453,768.1534817329041
34.0,50.0,760.5913421501666,81.25819738082447,764.7330400499602
34.0,52.0,758.9804730619645,193.5056857292169,762.0429033068921
34.0,54.0,757.9652056611867,379.15384561984786,760.3586911205276
34.0,56.0,757.6107227030618,634.3317087086393,759.9238353499624
34.0,58.0,757.9692993349861,942.5883298228288,760.9007811406984
34.0,60.0,759.0705654091828,1278.3283698749035,763.3328368162341
34.0,62.0,760.9116354127756,1612.4428065820848,767.1256593005774
34.0,64.0,763.4499313472328,1918.3721098373373,772.0535618639835
34.0,66.0,766.6009565526942,2176.8632243091247,777.7908040986093
36.0,0.0,745.8077488400613,353.02828159377634,724.861646718429
36.0,2.0,742.2215206614784,200.08223125451389,728.7008801266765
36.0,4.0,740.1038770565527,110.4985110778413,735.5164192989303
36.0,6.0,739.6176067479322,81.1437364049442,744.6199794784085
36.0,8.0,740.7935652257167,101.03883421189887,755.1848981880712
36.0,10.0,743.5229366124524,153.50760491084475,766.3208440943645
36.0,12.0,747.5660580803532,219.35662492133397,777.1546800156417
36.0,14.0,752.5766942653304,280.16757515298826,786.9087526321441
36.0,16.0,758.138402524864,321.0645195935079,794.9675711591563
36.0,18.0,763.8079332257118,332.7058210256731,800.9248277923923
36.0,20.0,769.1597401915593,312.44236698892416,804.6050098583224
36.0,22.0,773.8257650830552,264.52267988819244,806.0572117071263
36.0,24.0,777.5256655134684,199.1086933564329,805.5226955123823
36.0,26.0,780.0843786839182,129.95597662473838,803.3816357654794
36.0,28.0,781.4360272544116,71.00476697688748,800.0876267353449
36.0,30.0,781.6152996025924,32.65885337754572,796.1003364785049
36.0,32.0,780.739203141564,18.880958125688764,791.8267693369248
36.0,34.0,778.983209257529,26.153631237405268,787.5798705415483
36.0,36.0,776.556127221466,44.82141270302564,783.559931128273
36.0,38.0,773.6775654839267,62.55451914687549,779.8599963155397
36.0,40.0,770.5607164901347,68.9649738220009,776.492023892938
36.0,42.0,767.4017048333789,60.005388791473585,773.4267245733574
36.0,44.0,764.3751945298698,40.78426837391945,770.6375871838968
36.0,46.0,761.6346754149315,25.81105998832845,768.1390391181693
36.0,48.0,759.31508349637,36.347367118662575,766.0101481261419
36.0,50.0,757.5352779856651,95.35806459985108,764.3984690922655
36.0,52.0,756.3983807718453,221.33901262963877,763.5029567618803
36.0,54.0,755.9889332705241,422.79272991258813,763.5394399584949
36.0,56.0,756.3669968707173,695.0835657509178,764.6960505098176
36.0,58.0,757.5604327573926,1020.7358311994424,767.0884034266044
36.0,60.0,759.5573831496001,1373.1201785581209,770.7247033732765
36.0,62.0,762.3012557412469,1722.3347869047238,775.489179007269
36.0,64.0,765.6902197128785,2041.417396880988,781.1486345927323
38.0,0.0,756.852044263942,251.19554944775172,739.7138059262777
38.0,2.0,753.4780978551937,125.55691480310492,742.6934931917485
38.0,4.0,751.092539103679,58.2223607756443,748.0495156092525
38.0,6.0,749.8479605620353,44.43059090363293,755.1720235141215
38.0,8.0,749.8073741751733,73.24171632182447,763.343054248543
38.0,10.0,750.9339864754992,129.27969688006317,771.8008977924779
38.0,12.0,753.0929360193938,195.23203642625248,779.8096940811319
38.0,14.0,756.0647540971852,254.5008382986814,786.7267974579057
38.0,16.0,759.5685524774409,293.59182737450254,792.060007208548
38.0,18.0,763.2915461529291,304.03429883618736,795.5074899605705
38.0,20.0,766.9207206275803,283.65633096307624,796.9751544478307
38.0,22.0,770.1723740801611,236.9238249997858,796.5691878233403
38.0,24.0,772.8158908132456,173.9974622666906,794.5650049599557
38.0,26.0,774.6892891161407,108.36956069587104,791.3574149618131
38.0,28.0,775.7055896059949,53.422206833679056,787.3997322968438
38.0,30.0,775.8505752618843,18.780653648150505,783.1412834271466
38.0,34.0,773.7753043968969,15.864432372146702,775.1885075989577
38.0,36.0,771.7913202869723,33.80730079050804,771.9677856657801
38.0,38.0,769.3805951732459,49.591090422037894,769.381282404296
38.0,40.0,766.7137189347463,53.766763854954675,767.414855015834
38.0,42.0,763.9655171216917,43.480201321301756,766.0070768597477
38.0,44.0,761.3101861367147,25.032902027981034,765.0908233812254
38.0,46.0,758.9179118647935,13.883442379309013,764.6297574143003
38.0,48.0,756.9514168001286,31.801007196906813,764.6417556806729
38.0,50.0,755.5610556338876,101.68932133201778,765.2042629783263
38.0,52.0,754.8776912265,241.38848743874985,766.4405437938759
38.0,54.0,755.0034721079154,458.25763535864144,768.4900187023544
38.0,56.0,756.0015732399588,746.2729725822292,771.469454790124
38.0,58.0,757.88671291936,1086.6508348502389,775.4339667953201
38.0,60.0,760.6186191835536,1451.8338364540755,780.3470912272016
38.0,62.0,764.1004733376786,1811.5319911561141,786.0675112867758
40.0,0.0,765.6551506579438,160.02997775284643,752.6462769934207
40.0,2.0,762.4569531616268,64.7188111697709,754.8651919463525
40.0,4.0,759.8199491860594,21.85696490202441,758.7988982202526
40.0,6.0,757.8818565063733,24.013210206389445,763.9255137721096
40.0,8.0,756.7299544839397,59.55029043968391,769.6507491787969
40.0,10.0,756.3894009316459,114.26439780430015,775.359718581951
40.0,12.0,756.8191653768747,173.34226627013734,780.4728170055077
40.0,14.0,757.9160433136192,223.28636216061523,784.4998024720057
40.0,16.0,759.5259317791722,253.63388660213178,787.0856302598686
40.0,18.0,761.4604616783108,258.38825481244703,788.0419771069473
40.0,20.0,763.5163903256243,236.99338029288634,787.3598604100446
40.0,22.0,765.4949679139473,194.51099241358133,785.2011758281214
40.0,24.0,767.2188086770906,140.62857579884107,781.8700019479332
40.0,26.0,768.5445234797595,87.384704849312,777.7676430099563
40.0,28.0,769.3703286231872,45.996778895464274,773.3380197184384
40.0,30.0,769.6388200989323,23.665889799203587,769.0116411755472
40.0,32.0,769.3358863654267,21.429828210153826,765.1566295816593
40.0,34.0,768.4871725227034,33.89915740224066,762.044008311158
40.0,36.0,767.153536977293,51.128417952921865,759.8318812955117
40.0,38.0,765.426589537697,62.18559982511668,758.5696782539676
40.0,40.0,763.424787983803,59.4364970044345,758.219960760024
40.0,42.0,761.2898791050967,42.3021098069747,758.6920924049432
40.0,44.0,759.1828976010592,19.309520068611672,759.8800113141098
40.0,48.0,755.7577056811972,29.80941372371657,764.092187757207
40.0,50.0,754.7954067644627,108.56023494611588,767.0688001271124
40.0,52.0,754.5481666889932,260.5062863090842,770.6624307341907
40.0,54.0,755.1382314452873,491.1581698367638,774.9230021607835
40.0,56.0,756.6388477524763,792.505818669637,779.8819561509872
40.0,58.0,759.0622629633594,1144.1809392240139,785.5207641290094
40.0,60.0,762.352988984202,1517.8242097857556,791.7477105239808
42.0,0.0,772.3209365188859,88.0952644062011,763.6305597484197
42.0,2.0,769.261265501565,24.687259343266998,765.2862847808933
42.0,6.0,763.8469400066795,25.42573405450401,771.2008824359366
42.0,8.0,761.7154487628226,65.5287241603707,774.5680641460733
42.0,10.0,760.0781319184638,114.46823545484737,777.5982388398543
42.0,12.0,758.9744217698199,160.33622325765052,779.8809192804387
42.0,14.0,758.4035539365676,193.804881647853,781.0902925511541
42.0,16.0,758.3255735653781,208.9366136864527,781.017967873243
42.0,18.0,758.6665140811841,203.7276655411285,779.5948921201934
42.0,20.0,759.3265467994684,180.35631814637082,776.8986333968626
42.0,22.0,760.1896555249722,144.89239390053027,773.1440227418258
42.0,24.0,761.133476263839,106.16577141857047,768.6575488296494
42.0,26.0,762.0382959156113,73.71786181746631,763.838499604763
42.0,28.0,762.7947030353085,55.195727827609836,759.1121311449724
42.0,30.0,763.3098781657368,53.95187663792718,754.8816322347022
42.0,32.0,763.5128604325319,67.73505231207702,751.4859886200204
42.0,34.0,763.3592357882593,89.10150221470533,749.1698970108802
42.0,36.0,762.8355345458763,107.64372995615444,748.0697599862502
42.0,38.0,761.9632524425424,113.54273328697212,748.2168825285821
42.0,40.0,760.8019365095334,101.50286843784536,749.5558442738146
42.0,42.0,759.4503579833871,73.93389266328607,751.9732657095974
42.0,44.0,758.0445821123463,42.32805938830579,755.3303895281715
42.0,46.0,756.7518512837285,26.138406086439424,759.4924458126177
42.0,48.0,755.7596633850319,49.079871276771286,764.348776031175
42.0,50.0,755.2602030756523,133.56074750766584,769.8199650362936
42.0,52.0,755.4312362955349,294.69005620199266,775.8513069033004
42.0,54.0,756.4155137800709,535.6751829301352,782.3951601680865
42.0,56.0,758.3014325612025,846.1540668306465,789.3874311494275
42.0,58.0,761.10798673194,1204.082401694292,796.7249593417071
44.0,0.0,777.2050447061922,39.57096016902898,772.8122984819914
44.0,2.0,774.2543529155972,7.389517499103285,774.176713310843
44.0,4.0,771.1969437994366,15.162798232676652,775.8288501929231
44.0,6.0,768.1319867954319,47.89409573913639,777.4299351175764
44.0,8.0,765.1723495736825,90.56980175479183,778.6528060330388
44.0,10.0,762.4327502633643,130.49702450972336,779.2044676116816
44.0,12.0,760.0182336203521,158.79826188454837,778.8494553267084
44.0,14.0,758.0142987498555,170.93573330691706,777.4321088341223
44.0,16.0,756.4795372839051,166.4863997638167,774.894959441559
44.0,18.0,755.441142750607,148.51640906825037,771.2900466470452
44.0,20.0,754.8932407490324,122.77421978295405,766.7803089002699
44.0,22.0,754.7977413672654,96.684187714536,761.6292866627483
44.0,24.0,755.0873492142784,77.99780099709947,756.1790805873005
44.0,26.0,755.670443988239,73.0755892558985,750.8185044074495
44.0,28.0,756.4376837875691,85.07074222944982,745.9452394003313
44.0,30.0,757.2702847697886,112.56608135408118,741.9271066313389
44.0,32.0,758.0499074662644,149.27923586209033,739.0679903395138
44.0,34.0,758.6698856855689,185.2248926181087,737.5833145069993
44.0,36.0,759.0471800470722,209.2925685235263,737.5883629711194
44.0,38.0,759.1339968326835,212.73109406551515,739.1004305837002
44.0,40.0,758.9276027999434,192.67695612658926,742.053255098266
44.0,42.0,758.4766258655062,154.7083959280214,746.3199353205885
44.0,44.0,757.8821822181761,113.49298027760553,751.7390766353069
44.0,46.0,757.2925839660003,90.95496591893016,758.1385534657616
44.0,48.0,756.8911532001395,112.02027226177546,765.3521393081829
44.0,50.0,756.8777077918829,198.79515159619396,773.2261636690796
44.0,52.0,757.4454244971591,364.73811403253796,781.6159081778001
44.0,54.0,758.7558112690898,610.6434093032906,790.374090373849
44.0,56.0,760.9152123484603,923.8217591821459,799.3359035337152
46.0,0.0,780.8318985278,14.08499495154199,780.4525956953897
46.0,2.0,777.9732199820531,9.891797654379738,781.8338932426997
46.0,4.0,774.7683846682913,39.94646569711843,782.7854128674402
46.0,6.0,771.2957442525387,85.27920548366643,783.0540358872604
46.0,8.0,767.6709687438984,128.7700249984178,782.4435644951492
46.0,10.0,764.0361639238323,158.0922059247994,780.8220103764652
46.0,12.0,760.5465990193529,167.24698146820094,778.1276133372451
46.0,14.0,757.3565489090525,156.53879530424433,774.373865743772
46.0,16.0,754.605595490051,131.3271817264522,769.6528116546881
46.0,18.0,752.4064793160296,100.13466085385852,764.1351126296959
46.0,20.0,750.8353310535435,72.63180149477373,758.0650992671534
46.0,22.0,749.9249011558783,57.784656799327855,751.749391089262
46.0,24.0,749.6612624229365,62.24036870374469,745.5386235702302
46.0,26.0,749.9843583392379,88.98293914472906,739.8031587466971
46.0,28.0,750.7926544080942,136.40287234062356,734.9050476520622
46.0,30.0,751.9519556505778,198.061574376461,731.169596131653
46.0,32.0,753.3081334166519,263.45055886993157,728.8603537098055
46.0,34.0,754.703050152515,319.8859518192521,728.1610270686624
46.0,36.0,755.9924248410391,355.38372585489464,729.1667287749142
46.0,38.0,757.0638376862768,362.029172898437,731.8853112704008
46.0,40.0,757.8526574450104,339.0811434057523,736.2476579924005
46.0,42.0,758.3535217839386,294.91389986875936,742.1241308088795
46.0,44.0,758.6252154472548,246.9725688398305,749.343301191006
46.0,46.0,758.7874185154831,219.27617175191773,757.7088936719239
46.0,48.0,759.0088020256702,237.65779720503593,767.011621920847
46.0,50.0,759.4872085752759,323.74746031219354,777.0341558046081
46.0,52.0,760.4239765422335,489.3669859355813,787.549478668257
46.0,54.0,761.9956128072663,733.1428137623335,798.314906119978
48.0,2.0,781.0248717473199,25.768044044984904,788.5646217574822
48.0,4.0,777.7265001371866,73.59682366789008,789.1464527558385
48.0,6.0,773.9583860483951,128.43607918879945,788.4369910460069
48.0,8.0,769.833949207431,171.28453157790295,786.3620407097025
48.0,10.0,765.5120909672166,190.07556361056305,782.9418527104256
48.0,12.0,761.1832885433939,181.32983301227807,778.2801254737215
48.0,14.0,757.0528356333703,149.712908426924,772.5518806991465
48.0,16.0,753.3228394669993,105.89603979744749,765.9915801711765
48.0,18.0,750.1745256351473,63.494298155339635,758.8817211781496
48.0,20.0,747.7522787533738,35.89673684019737,751.5412943952128
48.0,22.0,746.150701898306,33.58732022621713,744.3131275539228
48.0,24.0,745.4058213647436,62.26234881757808,737.5493333736672
48.0,26.0,745.491373552286,121.83661766672296,731.5947307339553
48.0,28.0,746.3208443571802,206.34805117415658,726.7689854773885
48.0,30.0,747.7555436407807,304.76786811721627,723.3490310972388
48.0,32.0,749.6184649723605,402.71174235541554,721.5538078841485
48.0,34.0,751.7130212024624,484.96706954921285,721.5333229243197
48.0,36.0,753.8450265467262,538.5942143807531,723.363446800536
48.0,38.0,755.8456281941608,556.1538218777674,727.0468461505101
48.0,40.0,757.5924145095977,538.406992426433,732.5192529411929
48.0,42.0,759.0257800029483,495.70687803245846,739.6592063465519
48.0,44.0,760.1579105264309,447.36060962974864,748.2987713725227
48.0,46.0,761.072499735115,418.5995118927636,758.2327438822118
48.0,48.0,761.9144669241397,435.4692172484654,769.2245425700781
48.0,50.0,762.870374402306,518.7685105652658,781.0082336127109
48.0,52.0,764.1417239349489,678.7720558114725,793.2876436359046
50.0,0.0,786.6582871496574,12.507306223828841,792.3752755638088
50.0,2.0,783.9835389917006,46.99530385832543,794.631863735477
50.0,4.0,780.648821069898,107.11936251366186,795.1456422485768
50.0,6.0,776.6948876732747,167.91259083966858,793.8070144845711
50.0,8.0,772.2293934883232,209.01866851413104,790.6507881454897
50.0,10.0,767.4189202977402,218.6711836691145,785.8352143204906
50.0,12.0,762.4753215556567,195.44905395216455,779.615061449251
50.0,14.0,757.6378568733209,147.52616944830731,772.313211899429
50.0,16.0,753.1527995647117,89.84455265291226,764.2941741375068
50.0,18.0,749.2522779317309,40.130101802012256,755.9414790083329
50.0,20.0,746.1341028888444,14.801499964138358,747.6395468270424
50.0,22.0,743.9442711339208,25.62925482110986,739.7595696630592
50.0,24.0,742.7637159910313,77.63852095939382,732.6484128003384
50.0,26.0,742.600680771152,168.39223289604274,726.6195078186112
50.0,28.0,743.3897692705145,288.5495147384885,721.9450572676614
50.0,30.0,744.9982457981097,423.48430479988156,718.8493823551902
50.0,32.0,747.2394997944697,555.7217430415822,717.5036890758105
50.0,34.0,749.8927884970693,667.9375886500777,718.02272564427
50.0,36.0,752.7275077401596,746.214918993135,720.4636782093667
50.0,38.0,755.5294440188026,783.1387472684814,724.8272475612345
50.0,40.0,758.1258840898436,780.1547562005035,731.0603175628838
50.0,42.0,760.4062499403854,748.506832204012,739.0591760305448
50.0,44.0,762.3351945576543,708.1357713186453,748.6720846062565
50.0,46.0,763.9558728835863,684.2923151850302,759.7002480617296
50.0,48.0,765.3823355867916,702.2942572335648,771.8969173491798
50.0,50.0,766.781529054065,781.6387555359399,784.9653483792756
52.0,0.0,789.8730957077188,21.91595307095747,797.2560990509487
52.0,2.0,787.3056972111023,65.92326340388132,800.2230406474108
52.0,4.0,783.9885526766676,132.82827303286678,800.9009530162604
52.0,6.0,779.9482026294211,196.1077170661856,799.2354656917478
52.0,8.0,775.284687250885,234.73082071526323,795.3546872695526
52.0,10.0,770.1650428004091,237.38279701613595,789.536448505919
52.0,12.0,764.8105155481969,204.23763676302266,782.1672147058372
52.0,14.0,759.478825301019,145.96722531911647,773.6989865741393
52.0,16.0,754.4430796616272,80.44419320271018,764.6094403701097
52.0,18.0,749.9690909054208,28.158139331356274,755.3689047441842
52.0,22.0,743.600509245503,31.28488715391469,738.1416308771478
52.0,24.0,742.0111674621359,104.04390626436607,730.8815112764086
52.0,26.0,741.5666451102364,222.0009308474755,724.9133230229708
52.0,28.0,742.2271056894377,373.7693729164499,720.4586931391253
52.0,30.0,743.8749270097661,542.4844191854282,717.6869639181447
52.0,32.0,746.326511873455,708.6462437684887,716.7197991489767
52.0,34.0,749.3514271019096,853.3860366983583,717.6355556884444
52.0,36.0,752.6972210659624,961.8139469694084,720.4726788641157
52.0,38.0,756.1173522375033,1026.0301097359588,725.2315263173386
52.0,40.0,759.3989605029035,1047.2512140517433,731.8741118743155
52.0,42.0,762.3868927388962,1036.4249004982491,740.3214013741989
52.0,44.0,765.0005766567695,1012.8142849176461,750.4480982061978
52.0,46.0,767.2410691627186,1000.4393456909847,762.0753879956303
52.0,48.0,769.1868374397311,1022.9271136715358,774.9628406014579
54.0,0.0,793.7254267701597,29.20277650100315,801.7295966386582
54.0,2.0,791.2755498649179,76.95723739349387,805.4415482868183
54.0,4.0,788.0199882507791,145.7678555716886,806.4191393350781
54.0,6.0,783.9755147361832,208.51958196481212,804.6523479545125
54.0,8.0,779.234363088477,244.1952417086731,800.3455003745956
54.0,10.0,773.9589228434485,242.1316666444688,793.8748349065988
54.0,12.0,768.3701692214186,203.6932679319661,785.7355530484037
54.0,14.0,762.7309860316109,141.06630083795426,776.4862124326855
54.0,16.0,757.3257880715404,73.67857540061917,766.6973125567251
54.0,18.0,752.438010660621,23.338910256608067,756.9091140419818
54.0,20.0,748.3271527066432,9.378914137135606,747.6015438407996
54.0,22.0,745.2071553464003,44.85723005312555,739.1768861601086
54.0,24.0,743.2279539272,134.41148711116335,731.9541658546271
54.0,26.0,742.4620068603843,273.8445935065057,726.1728870651087
54.0,28.0,742.8974127405916,451.1891930471289,722.0031415696221
54.0,30.0,744.4388152465579,648.8639430941901,719.5589773992828
54.0,32.0,746.9166342551703,846.5552453895309,718.9121768396408
54.0,34.0,750.1042754177391,1024.5085882749115,720.1040761475109
54.0,36.0,753.7419464733916,1166.8955226124012,723.1536401167893
54.0,38.0,757.5646913663916,1264.8110522056802,728.0606137646168
54.0,40.0,761.3314226879306,1318.316526687031,734.8032010980461
54.0,42.0,764.8512699768039,1336.902301201304,743.330395203369
54.0,44.0,768.0036079816471,1337.9316119877603,753.5498342466389
54.0,46.0,770.7487514889976,1343.0929047204409,765.3128769485418
56.0,0.0,798.3171841515865,30.8139512590996,805.94718421353
56.0,2.0,795.9873810903135,77.62899171216411,810.318669386491
56.0,4.0,792.8222852531383,144.36127211851016,811.6252208639193
56.0,6.0,788.8340371028188,204.13267767260396,809.8914303849815
56.0,8.0,784.1083781563905,236.53635724441077,805.3805585744977
56.0,10.0,778.8001157723008,231.74713187303524,798.5447543808283
56.0,12.0,773.1228606339504,191.98604727789257,789.9629073331195
56.0,14.0,767.3340190686763,130.10050552282607,780.2751701947003
56.0,16.0,761.7161831045023,65.84036448224677,770.1222755898474
56.0,18.0,756.5561746092606,20.992067152696006,760.0958732561021
56.0,20.0,752.1231216692967,14.673269862750104,750.7036735415834
56.0,22.0,748.6470970581337,59.79220358971255,742.3506464847513
56.0,24.0,746.300006763646,161.13716233387447,735.3352729750466
56.0,26.0,745.1805163898947,315.0547942964304,729.8581311138453
56.0,28.0,745.3047565070885,510.39634199763896,726.0390422237653
56.0,30.0,746.6042699934948,730.3853525533568,723.938585966114
56.0,32.0,748.9321039821234,955.1647870369962,723.5799234152022
56.0,34.0,752.0771133785629,1164.8433969313362,724.9674010863065
56.0,36.0,755.7855099386827,1342.7752852204671,728.0992116254931
56.0,38.0,759.7876047945558,1478.5968844930478,732.9723535974872
56.0,40.0,763.8267418466567,1570.3488210780483,739.579197739593
56.0,42.0,767.6868022364772,1624.9973353351534,747.8960901884284
56.0,44.0,771.2145402320255,1656.9500004967015,757.8655646696965
58.0,0.0,803.5824806628002,26.56573213563082,809.9979302826157
58.0,2.0,801.364114375452,68.77782277333344,814.8396777420272
58.0,4.0,798.3006947775092,130.28613349587192,816.4075881594224
58.0,6.0,794.405186272363,185.12201302943902,814.7526854679297
58.0,8.0,789.7593667989955,213.95869621132442,810.180628668244
58.0,10.0,784.5095365235112,207.94329985731878,803.1969670915156
58.0,12.0,778.8574387374363,169.87159638161575,794.4386261369604
58.0,14.0,773.0472241927354,112.55184893706684,784.6014615341578
58.0,16.0,767.3493101644164,55.03667725046763,774.372905607252
58.0,18.0,762.0420019981677,17.955013688316473,764.3768067179127
58.0,20.0,757.3918302205394,19.232340435806826,755.1349724343662
58.0,22.0,753.6337390683416,71.0766479282014,747.0471359633632
58.0,24.0,750.952515342131,178.48887582258786,740.388487971467
58.0,26.0,749.46709114349,339.0602502671876,735.3218546916517
58.0,28.0,749.2194800418747,543.6518245772551,731.9202243825528
58.0,30.0,750.1700023953665,777.6902044407502,730.1946643657371
58.0,32.0,752.2000440567406,1023.0470409248271,730.1226674843774
58.0,34.0,755.1228578371465,1260.5554207395032,731.6725003034709
58.0,36.0,758.7019212591679,1473.0406460623522,734.8200593803288
58.0,38.0,762.675245708054,1648.3916495189214,739.5559514338853
58.0,40.0,766.7829844890476,1781.8992717679512,745.8818946312151
58.0,42.0,770.7949224208827,1877.0676886057977,753.7970023217596
60.0,0.0,809.3318788658635,18.91936467613209,813.9232120934961
60.0,2.0,807.2048937911344,53.75879323641185,818.9762485514028
60.0,4.0,804.2375389313057,107.62827073464508,820.66734299752
60.0,6.0,800.4489553925184,156.00195986761867,819.067394046386
60.0,8.0,795.9202879057846,180.98666008292994,814.509347152039
60.0,10.0,790.790080021407,174.77758280682832,807.5307512496806
60.0,12.0,785.2460948400644,140.493209838756,798.80168529807
60.0,14.0,779.5142845038376,90.3333544630955,789.0483100035822
60.0,16.0,773.8454751059643,41.846422517667804,778.9815778893267
60.0,18.0,768.5002158875236,13.604868680811943,769.2387350548836
60.0,20.0,763.7322560355274,21.54156262973317,760.3426026658854
60.0,22.0,759.7712987369728,76.65806983772194,752.6807079161676
60.0,24.0,756.806012677245,184.10719345357603,746.5035730689636
60.0,26.0,754.9686654071531,343.1702579851436,741.9391955129963
60.0,28.0,754.3230495120836,547.6137839708634,739.019159302372
60.0,30.0,754.8574630702363,786.2422809132704,737.7109783752227
60.0,32.0,756.4842738061142,1043.8588380627943,737.9511490835066
60.0,34.0,759.0469997597726,1302.9814384576116,739.6738842014369
60.0,36.0,762.3349208912597,1546.4112818593753,742.8314825006898
60.0,38.0,766.1041237632862,1760.2492966781947,747.4036251771635
60.0,40.0,770.1027687711924,1936.5217474779452,753.394459508513
62.0,0.0,815.3134552712053,11.34789733440035,817.7357425137371
62.0,2.0,813.249723408049,36.94875665625032,822.7173714838746
62.0,4.0,810.3602796856645,81.5093079571158,824.3609107566515
62.0,6.0,806.6752384462472,122.35351867011013,822.7520002818011
62.0,8.0,802.2787441310321,143.28324796166999,818.2376035772445
62.0,10.0,797.3035310763796,137.57531403855882,811.3678788356534
62.0,12.0,791.9232679766832,108.44368820330263,802.8231469979048
62.0,14.0,786.3433539059221,67.01808123287563,793.3362725087529
62.0,16.0,780.790481486485,28.725133822478895,783.6201204886451
62.0,18.0,775.501007568821,9.418327044299387,774.3079081201187
62.0,20.0,770.7080892009614,22.450183513851734,765.9116481625219
62.0,22.0,766.6277061092114,77.21298388191343,758.8009536353829
62.0,24.0,763.4440752109001,178.88329923889074,753.201663815684
62.0,26.0,761.2954685897101,328.6399045245608,749.211396768753
62.0,28.0,760.261924010032,523.7133493199606,746.827442173936
62.0,30.0,760.3566230372395,757.1437142245369,745.9814650517127
62.0,32.0,761.522671451288,1017.6853984776567,746.575278786256
62.0,34.0,763.6365812229647,1290.5123737830622,748.512379228347
62.0,36.0,766.5189437600998,1559.0916394989717,751.7208915631236
62.0,38.0,769.9517144663945,1807.9763422002388,756.1649399194325
64.0,2.0,819.2469634634522,22.14905825653102,826.0925043756127
64.0,4.0,816.4117591135904,56.59814941522903,827.5274683023785
64.0,6.0,812.8165890833643,89.41172039031115,825.8401953641697
64.0,8.0,808.5519966759708,106.2661155666465,821.380454857771
64.0,10.0,803.7474808892254,101.52962197731564,814.6943133227209
64.0,12.0,798.5639662496907,78.32136352791512,806.4523840752465
64.0,14.0,793.1861053923511,46.345318298107344,797.3735545516938
64.0,16.0,787.8145292564649,18.470127775116538,788.1536444121224
64.0,20.0,777.9229772893627,23.591009564030408,771.6238521133491
64.0,22.0,773.8060987368519,74.56939435012907,765.1526796596952
64.0,24.0,770.4797437932592,165.42996376197397,760.1955729068181
64.0,26.0,768.0811307111979,299.2765653402868,756.8254247839077
64.0,28.0,766.7002785256203,477.022463231393,755.0135883260153
64.0,30.0,766.3705036530193,696.4021531093936,754.6649332040996
64.0,32.0,767.0630182187623,950.8140975592562,755.6543298583027
64.0,34.0,768.6872119298843,1228.9098752801654,757.8592871045803
64.0,36.0,771.0975190068518,1515.5783186232409,761.1843548721796
66.0,0.0,827.0306493458845,5.820996992606556,825.0439726869183
66.0,2.0,825.0100694204688,11.534985902370963,829.1831460391221
66.0,4.0,822.2084021295698,36.01856461030873,830.296578431277
66.0,6.0,818.6877245805442,60.940569102902955,828.4878605949305
66.0,8.0,814.5476296189636,73.93548772027978,824.1004873480497
66.0,10.0,809.9169835661215,70.45214065986546,817.6628998645175
66.0,12.0,804.9461670108323,53.37581758249129,809.8197802009281
66.0,14.0,799.8004978466769,30.75162374621406,801.2591820013469
66.0,16.0,794.6548077785504,12.648144865114007,792.6444582439656
66.0,18.0,789.6885431667826,8.469301822845539,784.5582349445455
66.0,20.0,785.0804485899051,25.659733772510315,777.4632708021788
66.0,22.0,781.0019495583924,69.9229178512733,771.6823634887263
66.0,24.0,777.6087656665165,146.2331038062871,767.3969007689795
66.0,26.0,775.0309506666191,259.54139433520373,764.6615043367856
66.0,28.0,773.3622975286479,414.3542553319645,763.4306561506669
66.0,30.0,772.650664086488,613.1155626542272,763.5922993602976
66.0,32.0,772.8910890922078,854.1052107813794,765.0031490263451
66.0,34.0,774.0234646993196,1129.9445796465411,767.5207577108075
68.0,0.0,832.4732722419425,8.400694352552247,828.5814194903207
68.0,2.0,830.4530980873482,5.488619592121775,832.1216981893363
68.0,4.0,827.6755598819699,21.00130182977383,832.8756898068079
68.0,6.0,824.2206882282643,38.76088945503581,830.9512282229528
68.0,8.0,820.1985959094843,48.32193508131909,826.6785947411337
68.0,10.0,815.7395920801894,46.16471412040934,820.5585424731638
68.0,12.0,810.9859388955186,34.85496705175405,813.1978535615717
68.0,14.0,806.0860147506188,20.685253924674363,805.2413668202781
68.0,16.0,801.1907662132957,10.894829463598969,797.3087392178959
68.0,18.0,796.45158991641,11.676331676939803,789.9425436877109
68.0,20.0,792.018363146048,27.703269021194167,783.572038928798
68.0,22.0,788.0363326924258,63.06678631401715,778.4944769227038
68.0,24.0,784.6409688673668,122.73849197718309,774.8734951998445
68.0,26.0,781.9505898775317,213.39563966981467,772.7522323189811
68.0,28.0,780.0573821757149,342.7979357525362,772.0774515416797
68.0,30.0,779.0181747939432,517.6836671873277,772.7301989307138
68.0,32.0,778.8467772268666,740.9363121556798,774.5583201015211
70.0,0.0,837.6081829628623,12.968154981148285,832.1081638486011
70.0,4.0,832.854434212346,11.255066390356996,835.5209668465951
70.0,6.0,829.4701193959082,22.993608648205168,833.5437454682709
70.0,8.0,825.5671286249626,29.675130059126715,829.4594583746771
70.0,10.0,821.2783134488523,28.69871216561379,823.7347300937794
70.0,12.0,816.739903406143,22.264976460572747,816.9310172406535
70.0,14.0,812.0860964378053,14.963124818662601,809.6424128520956
70.0,16.0,807.4469213964622,11.392537760685688,802.438227743688
70.0,18.0,802.9483577319611,14.8865362914245,795.8161600756133
70.0,20.0,798.7131820585084,27.81202362916293,790.1697375752015
70.0,22.0,794.860936970144,53.086259841120594,785.7714768270771
70.0,24.0,791.5057834788668,95.90366340880199,782.7711699028823
70.0,26.0,788.7517021600808,164.5309406782955,781.2070970969015
70.0,28.0,786.68537027775,269.4583474936654,781.0268776750122
70.0,30.0,785.3678489302154,420.94850351841836,782.1141102352311
72.0,0.0,842.5269630010786,18.145551379268305,835.7072017395889
72.0,4.0,837.8810390221032,5.6919800566028265,838.4975975181063
72.0,6.0,834.5893730061308,12.73331017278791,836.5807254694485
72.0,8.0,830.8185080700921,17.135809412109303,832.7834275555962
72.0,10.0,826.7036730925413,17.027812352498483,827.5353871282773
72.0,12.0,822.3763675372829,14.221652786492836,821.3498911904649
72.0,14.0,817.95917814229,11.782611811601338,814.767681493572
72.0,16.0,813.5646388036809,12.062244859014797,808.3057427138325
72.0,18.0,809.2970272383129,16.103603030476478,802.4159832090326
72.0,20.0,805.2554089244185,24.61217925382342,797.4567602492599
72.0,22.0,801.5361096958796,39.887278853498515,793.678187869665
72.0,24.0,798.2331269672359,67.61883872717824,791.2204268207344
72.0,26.0,795.435677209856,117.49763345885543,790.1228659469388
72.0,28.0,793.2229479308493,202.09914359432594,790.3413183944557
74.0,0.0,847.3748317869779,23.01514223664435,839.4813061128963
74.0,2.0,845.5138511823428,4.674105341049254,841.7915542370404
74.0,4.0,842.9432149682962,3.0685180046805356,842.036960511881
74.0,6.0,839.7840153427528,6.72480549321614,840.3224242553482
74.0,8.0,836.1716319650612,9.444657407061769,836.9183180838298
74.0,10.0,832.2421457972627,9.832314885386701,832.2180514061623
74.0,12.0,828.1225688331443,9.301688017000846,826.6882570466564
74.0,14.0,823.9258229006746,9.680130511206812,820.8184065969381
74.0,16.0,819.7502844601776,11.627336138261814,815.0756253502067
74.0,18.0,815.6827471797717,14.62046397043956,809.8688197481812
74.0,20.0,811.8030334267573,18.439901574360064,805.5243235674237
74.0,22.0,808.188319052522,25.334044649055073,802.2734588555917
74.0,24.0,804.9155287426995,41.7157928514704,800.2509490816535
74.0,26.0,802.0608171163777,78.46750169876074,799.502147934706
76.0,0.0,852.3038851709084,27.106720517124735,843.5405281807463
76.0,2.0,850.6178248136285,6.551401663518424,845.8696057179434
76.0,6.0,845.2534029461343,3.7564108324635574,844.9256506422863
76.0,8.0,841.8376102614026,5.360682395547265,842.0037783715371
76.0,10.0,838.1125420466325,5.921212943560111,837.8931811459065
76.0,14.0,830.2037479315225,7.927161779851595,827.8263137567657
76.0,16.0,826.2113641841776,9.952147990247731,822.7380964165679
76.0,18.0,822.2961543221852,11.24702273160207,818.1264920894765
76.0,20.0,818.523658684313,11.403090730217254,814.2911511433939
76.0,22.0,814.956994983443,13.102499051907811,811.4491577565819
76.0,24.0,811.6605976112941,23.586712950554656,809.7336509505545
78.0,0.0,857.4248702998162,30.22907094285386,847.9845531413647
78.0,2.0,855.9944215223733,8.355851972647883,850.5604102820993
78.0,4.0,853.8556398463239,2.5446598369566935,851.3375226785631
78.0,6.0,851.1329012928031,2.756130766453364,850.4117664653329
78.0,8.0,847.9594547354687,3.7494416202668006,848.0177569154232
78.0,10.0,844.4637792363819,4.26983731307177,844.4904767555196
78.0,12.0,840.7601590501715,4.9795062557926055,840.2225161842166
78.0,14.0,836.944335297381,6.349489913940335,835.622714250863
78.0,16.0,833.094008480804,7.667059525883965,831.0806715693833
78.0,18.0,829.2730346132188,7.667436667661338,826.9398522667076
78.0,20.0,825.5375558369873,6.408448748069182,823.480195796163
80.0,0.0,862.7675545644368,32.46247021324333,852.8817536415645
80.0,2.0,861.6705015257979,9.790158292106959,855.8696348645445
80.0,8.0,854.5651289348609,3.519491779627775,854.7700717981746
80.0,10.0,851.3265914664253,3.8885526214187376,851.7574757401387
80.0,12.0,847.837205580694,4.236510349549696,847.9882548579142
80.0,14.0,844.1832753338424,4.9391985651827675,843.847315579492
80.0,16.0,840.4342184262623,5.570887576743501,839.7016573589719
80.0,18.0,836.6471044760614,5.569665537130404,835.8763992048139
80.0,20.0,832.8729835550612,5.969732778326775,832.6396877663391
82.0,0.0,868.2575294705721,34.399266447053265,858.2477997529063
82.0,2.0,867.5579560376679,10.937555779483723,861.7143168396806
82.0,4.0,866.1350149604124,3.6028534075862053,863.3997089727976
82.0,6.0,864.0933385668042,2.9524872810083767,863.3962546663663
82.0,8.0,861.5430721723807,3.6227318789445415,861.9231291902186
82.0,10.0,858.5884592309051,3.781608072169975,859.2895726464926
82.0,12.0,855.320555196315,3.596583206379749,855.8553918948447
82.0,14.0,851.8146468837763,3.670353240824602,851.9940565828363
82.0,16.0,848.1319915762449,4.3450225182933995,848.062147523679
82.0,18.0,844.3246941730772,6.2447209097252045,844.3770895816095
84.0,0.0,873.7137078825222,37.52096768028249,864.0275770119322
84.0,2.0,873.4529720861417,12.551395637045623,867.9219874212914
84.0,4.0,872.4619544284634,4.098917721162937,869.9698203972862
84.0,6.0,870.8285419641466,2.8629874803506823,870.2670949368077
84.0,8.0,868.6445612872145,3.2720755827033168,869.0354006596599
84.0,10.0,865.9961445145929,3.1686779173649384,866.5852162482923
84.0,14.0,859.5927787882125,2.7252499269036017,859.4844350967611
86.0,0.0,878.866606096275,44.603419780198905,870.0845822482286
86.0,2.0,879.057596411626,16.486632626165445,874.2404110698441
86.0,6.0,877.3108047718472,2.884288597912211,876.8404446977753
86.0,8.0,875.5119444095186,2.489836264713661,875.6200445156629
86.0,10.0,873.1847449091074,2.072409499211222,873.1162451180608
86.0,14.0,867.1607223850117,3.135820702250303,865.7542824781425
88.0,0.0,883.3935883473413,60.1500055587296,876.2015830545245
88.0,2.0,884.0191536939442,26.299126340665893,880.3580683261345
88.0,4.0,883.9180653383469,10.945809143699236,882.478041993103
88.0,6.0,883.1380468250302,5.121148235947379,882.6800700182387
90.0,0.0,886.9643172521663,90.83120765157517,882.0949639694504
90.0,2.0,887.9799865678248,47.954944930909505,885.9343589313896
90.0,4.0,888.2847877800867,25.37577312253946,887.6553406528966
90.0,6.0,887.9062707698962,14.517953574807951,887.3947845374836
90.0,8.0,886.8697651287025,9.789151885894857,885.4159985064991
90.0,10.0,885.1949192745437,8.854717527901872,882.0731590968223
92.0,0.0,889.2881810985399,145.6697957607663,887.4429118662097
92.0,2.0,890.6285162430651,90.3157326139984,890.6370666954977
92.0,4.0,891.2849326944619,57.655936249715204,891.665529350738
92.0,6.0,891.2667004163885,39.797225536432464,890.6864602388177
92.0,8.0,890.5783308425096,31.531042068598936,887.9819767944388
94.0,0.0,890.1556196462466,235.46198852260216,891.9247676937209
94.0,2.0,891.7429293217335,164.79600504744866,894.1830733989605
94.0,4.0,892.6842586585623,119.73498086020061,894.2770069188693
94.0,6.0,892.9735671211688,93.41422638866693,892.3867750623477
96.0,0.0,889.4668803146626,371.00623473775136,895.2660784151459
96.0,2.0,891.2206781787534,283.65908727243016,896.3769608469091
96.0,4.0,892.3760087430643,225.08887071338222,895.3809492305405
98.0,0.0,887.2443764397159,560.2533349207604,897.2818166046223
98.0,2.0,889.0899500727445,456.98193755681746,897.1414125710015
100.0,0.0,883.6279005966561,805.2201891304933,897.9095229942388
